{
  "users": [],
  "groups": [],
  "antilink": {
    "120363401202394010@g.us": {
      "enabled": true,
      "action": "delete"
    },
    "120363418251711339@g.us": {
      "enabled": true,
      "action": "delete"
    },
    "120363161653464101@g.us": {
      "enabled": true,
      "action": "warn"
    },
    "120363401791607047@g.us": {
      "enabled": true,
      "action": "delete"
    },
    "120363400156427545@g.us": {
      "enabled": true,
      "action": "delete"
    },
    "120363421564466363@g.us": {
      "enabled": true,
      "action": "delete"
    },
    "120363402358813492@g.us": {
      "enabled": true,
      "action": "delete"
    },
    "120363404139663368@g.us": {
      "enabled": true,
      "action": "delete"
    },
    "120363371536993637@g.us": {
      "enabled": true,
      "action": "delete"
    },
    "120363420237482698@g.us": {
      "enabled": true,
      "action": "delete"
    },
    "120363401166230571@g.us": {
      "enabled": true,
      "action": "delete"
    },
    "120363400478398320@g.us": {
      "enabled": true,
      "action": "delete"
    },
    "120363163526895525@g.us": {
      "enabled": true,
      "action": "delete"
    },
    "120363421856379262@g.us": {
      "enabled": true,
      "action": "kick"
    },
    "120363300789395134@g.us": {
      "enabled": true,
      "action": "delete"
    },
    "120363368465639458@g.us": {
      "enabled": true,
      "action": "delete"
    },
    "120363423339891213@g.us": {
      "enabled": true,
      "action": "delete"
    },
    "120363388485707237@g.us": {
      "enabled": true,
      "action": "delete"
    },
    "120363386225087913@g.us": {
      "enabled": true,
      "action": "delete"
    },
    "120363401587990401@g.us": {
      "enabled": true,
      "action": "delete"
    },
    "120363420263644649@g.us": {
      "enabled": true,
      "action": "delete"
    },
    "120363403873689330@g.us": {
      "enabled": true,
      "action": "delete"
    },
    "120363419438188212@g.us": {
      "enabled": true,
      "action": "delete"
    },
    "120363345003674014@g.us": {
      "enabled": true,
      "action": "delete"
    },
    "120363419966632255@g.us": {
      "enabled": true,
      "action": "delete"
    },
    "120363425297318061@g.us": {
      "enabled": true,
      "action": "delete"
    },
    "120363419751214166@g.us": {
      "enabled": true,
      "action": "delete"
    },
    "120363419752055860@g.us": {
      "enabled": true,
      "action": "delete"
    },
    "120363402258400829@g.us": {
      "enabled": true,
      "action": "delete"
    },
    "120363420081878304@g.us": {
      "enabled": true,
      "action": "delete"
    },
    "120363321896126980@g.us": {
      "enabled": true,
      "action": "delete"
    },
    "120363385980204653@g.us": {
      "enabled": true,
      "action": "delete"
    },
    "120363360899641992@g.us": {
      "enabled": true,
      "action": "delete"
    }
  },
  "antibadword": {
    "120363421564466363@g.us": {
      "enabled": true,
      "action": "delete"
    },
    "120363421856379262@g.us": {
      "enabled": true,
      "action": "warn"
    },
    "120363419438188212@g.us": {
      "enabled": true,
      "action": "warn"
    },
    "120363419752055860@g.us": {
      "enabled": true,
      "action": "delete"
    },
    "120363402258400829@g.us": {
      "enabled": true,
      "action": "delete"
    }
  },
  "warnings": {
    "120363400186838616@g.us": {
      "99037818659019@lid": 1,
      "41511009972375@lid": 1
    },
    "120363302678069315@g.us": {
      "2349047943737@s.whatsapp.net": 1,
      "2349075711797@s.whatsapp.net": 0,
      "2349131037140@s.whatsapp.net": 2,
      "2349037422164@s.whatsapp.net": 1,
      "2348140902113@s.whatsapp.net": 0
    },
    "120363419752055860@g.us": {
      "50131445481602@lid": 0,
      "269277907173450@lid": 2,
      "120409945063641@lid": 1,
      "19894858969147@lid": 2,
      "101267309367430@lid": 1,
      "278576461049953@lid": 1,
      "164854266654902@lid": 1,
      "137752939069464@lid": 2,
      "83481782685705@lid": 1,
      "210200632025262@lid": 1,
      "54666981318786@lid": 0,
      "222707593568329@lid": 1,
      "49843582054481@lid": 0,
      "29348115566760@lid": 1,
      "48739674763513@lid": 1,
      "234162271309943@lid": 1,
      "16557635797004@lid": 1,
      "30696718503992@lid": 1,
      "218949413269745@lid": 1,
      "156766742569084@lid": 1,
      "198492584702197@lid": 1,
      "89580653031591@lid": 0,
      "96950934331393@lid": 2,
      "183580391112801@lid": 2,
      "161822070042649@lid": 2,
      "265811834966198@lid": 0,
      "279340981993554@lid": 1,
      "58489435123796@lid": 1,
      "187883948351537@lid": 0,
      "272473278914651@lid": 1,
      "99012384432370@lid": 1,
      "232800666034202@lid": 1,
      "177713532952656@lid": 0,
      "84517004030052@lid": 1,
      "113185608749234@lid": 1,
      "215380345798702@lid": 1,
      "274362963902656@lid": 1,
      "182128675426514@lid": 1,
      "142005040619537@lid": 1,
      "50737019142302@lid": 2,
      "244289787396177@lid": 2,
      "275428199657559@lid": 1
    }
  },
  "sudo": [],
  "welcome": {
    "120363420346389324@g.us": {
      "enabled": true,
      "message": "Welcome {user} to the group! 🎉"
    },
    "120363403833537311@g.us": {
      "enabled": true,
      "message": "Welcome {user} to the group! 🎉"
    },
    "120363420237482698@g.us": {
      "enabled": true,
      "message": "Welcome {user} to the group! 🎉"
    },
    "120363398423608724@g.us": {
      "enabled": true,
      "message": "Welcome {user} to the group! 🎉"
    },
    "120363419752055860@g.us": {
      "enabled": true,
      "message": "[thanks for joining us @user we love ❤️ ❤️ you .group description]"
    },
    "120363386225087913@g.us": {
      "enabled": true,
      "message": "Welcome {user} to the group! 🎉"
    },
    "120363419438188212@g.us": {
      "enabled": true,
      "message": "Thanks for joining the group have fun and send the following \n\nYour name \n\nYour picture \n\nYour age"
    },
    "120363421856379262@g.us": {
      "enabled": true,
      "message": "Thanks for joining the group have fun and send the following \n\nYour name \n\nYour picture \n\nYour age"
    },
    "120363418663602381@g.us": {
      "enabled": true,
      "message": "Welcome {user} to the group! 🎉"
    },
    "120363302210231005@g.us": {
      "enabled": true,
      "message": "Welcome {user} to the group! 🎉"
    },
    "120363423339891213@g.us": {
      "enabled": true,
      "message": "Welcome {user} to the group! 🎉"
    },
    "120363298257823054@g.us": {
      "enabled": true,
      "message": "Welcome {user} to the group! 🎉"
    },
    "120363403873689330@g.us": {
      "enabled": true,
      "message": "Welcome {user} to the group! 🎉"
    },
    "120363402016340534@g.us": {
      "enabled": true,
      "message": "Welcome {user} to the group! 🎉"
    },
    "120363345003674014@g.us": {
      "enabled": true,
      "message": "[thanks for joining us❤️❤️ @user]"
    },
    "120363419751384590@g.us": {
      "enabled": true,
      "message": "(to the arena of blood and laughter)"
    },
    "120363419833371972@g.us": {
      "enabled": true,
      "message": "Welcome young warlock to Hõmîëß\nPlease you name and pics"
    },
    "120363402258400829@g.us": {
      "enabled": true,
      "message": "Welcome {user} to the group! 🎉"
    },
    "120363420160404361@g.us": {
      "enabled": true,
      "message": "you are welcome to this group"
    }
  },
  "goodbye": {
    "120363420789158776@g.us": {
      "enabled": true,
      "message": "*🚪Leaving the Group? Cool.*\n\nNobody begged you to stay. This ain’t a hotel — it’s *RECKONING*.  \nIf the heat’s too much, run. We don’t chase, we don’t miss.  \n*Weak minds exit. Real ones rise.*  \nSo take your silence, your drama, and your excuses with you. 🧹💨\n\n*Goodbye and good luck… you’ll need it.* 💀🔥"
    },
    "120363329155729485@g.us": {
      "enabled": true,
      "message": "Congrats on your next move! 🎉 Wishing you success in what’s ahead 🚀. Thanks for being part of the group 👍. All the best! 💪✨"
    },
    "120363419752055860@g.us": {
      "enabled": true,
      "message": "from friendship Goals we will never miss u \nFool"
    },
    "120363420237482698@g.us": {
      "enabled": true,
      "message": "Goodbye {user} 👋"
    },
    "120363163526895525@g.us": {
      "enabled": true,
      "message": "the lover of my life"
    },
    "120363386225087913@g.us": {
      "enabled": true,
      "message": "Goodbye {user} 👋"
    },
    "120363418663602381@g.us": {
      "enabled": true,
      "message": "Goodbye {user} 👋"
    },
    "120363423339891213@g.us": {
      "enabled": true,
      "message": "from funatics we will never miss u fool \nAs u comot e no shake anything from our body"
    },
    "120363420263644649@g.us": {
      "enabled": true,
      "message": "Goodbye {user} 👋"
    },
    "120363345003674014@g.us": {
      "enabled": true,
      "message": "custom"
    },
    "120363425297318061@g.us": {
      "enabled": true,
      "message": "Goodbye {user} 👋"
    },
    "120363419751384590@g.us": {
      "enabled": true,
      "message": "goodbye"
    }
  },
  "chatbot": {
    "120363401351530867@g.us": true,
    "120363419743476971@g.us": true,
    "120363421564466363@g.us": true,
    "120363163526895525@g.us": true,
    "120363412578123324@g.us": true,
    "120363298257823054@g.us": true,
    "120363394775439112@g.us": true,
    "120363425297318061@g.us": true,
    "120363302678069315@g.us": true,
    "120363296726507423@g.us": true,
    "2347086192396-1576514899@g.us": true,
    "120363302210231005@g.us": true,
    "120363417411646556@g.us": true,
    "120363421030811531@g.us": true,
    "120363180621495191@g.us": true
  },
  "autoReaction": false
}