[
  {
    "telegramUserId": 7385815549,
    "senderName": "Joshua Oyinloluwa Olisa",
    "amount": 3500,
    "receivedAt": "2025-10-13T15:06:09.000Z",
    "confirmedAt": "2025-10-13T15:06:19.951Z",
    "keyGiven": "HhlreFGYgheNk02pRn",
    "botLink": "https://t.me/sepish\\_bot",
    "reason": "SEPTORCH BOT AUTHORISATION KEY"
  },
  {
    "telegramUserId": 7787204554,
    "senderName": "Muyiwa Emmanuel Akingbogun",
    "amount": 3500,
    "receivedAt": "2025-10-15T13:34:55.000Z",
    "confirmedAt": "2025-10-15T13:35:52.566Z",
    "keyGiven": "q4ft2LFhU46bvr91k",
    "botLink": "https://t.me/sepish\\_bot",
    "reason": "SEPTORCH BOT AUTHORISATION KEY"
  },
  {
    "telegramUserId": 8300713302,
    "senderName": "Ugochukwu Johnbosco Okechukwu",
    "amount": 3500,
    "receivedAt": "2025-10-16T16:11:37.000Z",
    "confirmedAt": "2025-10-17T06:43:34.377Z",
    "keyGiven": "A7F9D2K4L8Q3W6Z1",
    "botLink": "https://t.me/sepish\\_bot",
    "reason": "SEPTORCH BOT AUTHORISATION KEY"
  },
  {
    "telegramUserId": 568650363,
    "senderName": "Abiola Elijah Alalade",
    "amount": 100,
    "receivedAt": "2025-10-16T16:20:49.000Z",
    "confirmedAt": "2025-10-17T21:11:47.666Z",
    "keyGiven": "P9M2R7X5N4C8T0B3",
    "botLink": "https://t.me/sepish\\_bot",
    "reason": "Septorch"
  },
  {
    "telegramUserId": 1480340347,
    "senderName": "Daniel Ayomide Adejumobi",
    "amount": 3500,
    "receivedAt": "2025-10-18T22:17:49.000Z",
    "confirmedAt": "2025-10-18T22:18:27.414Z",
    "keyGiven": "J1Q8L4Z7D5V9K2S0",
    "botLink": "https://t.me/sepish\\_bot",
    "reason": "SEPTORCH BOT AUTHORISATION KEY"
  },
  {
    "telegramUserId": 1386202919,
    "senderName": "Odeyemi Joshua Damilare",
    "amount": 3500,
    "receivedAt": "2025-10-19T05:59:56.000Z",
    "confirmedAt": "2025-10-19T06:00:20.066Z",
    "keyGiven": "W6E3R8N9T1Y4B5M2",
    "botLink": "https://t.me/sepish\\_bot",
    "reason": "SEPTORCH BOT AUTHORISATION KEY"
  },
  {
    "telegramUserId": 6956434765,
    "senderName": "Ayoleke Vincent Gabriel",
    "amount": 3500,
    "receivedAt": "2025-10-19T10:28:11.000Z",
    "confirmedAt": "2025-10-19T10:28:50.457Z",
    "keyGiven": "Z4H9C2V6X3L7A0P8",
    "botLink": "https://t.me/sepish\\_bot",
    "reason": "SEPTORCH BOT AUTHORISATION KEY"
  },
  {
    "telegramUserId": 5720600006,
    "senderName": "Ayotomide Alfred Oluwole",
    "amount": 3500,
    "receivedAt": "2025-10-21T14:51:04.000Z",
    "confirmedAt": "2025-10-21T14:57:47.657Z",
    "keyGiven": "G3T9M1J5S7K8R2N4",
    "botLink": "https://t.me/sepish\\_bot",
    "reason": "SEPTORCH BOT AUTHORISATION KEY"
  },
  {
    "telegramUserId": 7738315673,
    "senderName": "Abiola Elijah Alalade",
    "amount": 3500,
    "receivedAt": "2025-10-16T16:20:49.000Z",
    "confirmedAt": "2025-10-23T08:24:28.562Z",
    "keyGiven": "B9D4Q6Z8X1F5L2W7",
    "botLink": "https://t.me/SEPTORCHBOT",
    "reason": "SEPTORCH BOT AUTHORISATION KEY"
  },
  {
    "telegramUserId": 591225882,
    "senderName": "Abiola Elijah Alalade",
    "amount": 3500,
    "receivedAt": "2025-10-23T16:20:49.000Z",
    "confirmedAt": "2025-10-23T21:29:08.462Z",
    "keyGiven": "N2P7A5J8H9L4C6V3",
    "botLink": "https://t.me/SEPTORCHBOT",
    "reason": "SEPTORCH BOT AUTHORISATION KEY"
  },
  {
    "telegramUserId": 591225882,
    "senderName": "Abiola Elijah Alalade",
    "amount": 3500,
    "receivedAt": "2025-10-23T16:20:50.000Z",
    "confirmedAt": "2025-10-23T21:42:13.544Z",
    "keyGiven": "B9D4Q6Z8X1F5L2W7",
    "botLink": "https://t.me/Sepish\\_bot",
    "reason": "SEPTORCH BOT AUTHORISATION KEY"
  },
  {
    "telegramUserId": 7434380964,
    "senderName": "Samuel Oritse-Jolomisan Boyede",
    "amount": 3500,
    "receivedAt": "2025-10-27T17:52:03.000Z",
    "confirmedAt": "2025-10-27T17:54:23.113Z",
    "keyGiven": "Y1M6R3E7T9B5K2X4",
    "botLink": "https://t.me/Sepish\\_bot",
    "reason": "SEPTORCH BOT AUTHORISATION KEY"
  },
  {
    "telegramUserId": 1697656280,
    "senderName": "Jesudarasimi Goodluck Clement",
    "amount": 3500,
    "receivedAt": "2025-10-29T13:19:55.000Z",
    "confirmedAt": "2025-10-29T13:20:18.688Z",
    "keyGiven": "C8S9V2N4Q7A1L5J3",
    "botLink": "https://t.me/Sepish\\_bot",
    "reason": "SEPTORCH BOT AUTHORISATION KEY"
  },
  {
    "telegramUserId": 5581046140,
    "senderName": "Rukoyat Oyinkansola Adekoya",
    "amount": 3500,
    "receivedAt": "2025-10-28T21:24:06.000Z",
    "confirmedAt": "2025-10-29T14:42:11.412Z",
    "keyGiven": "K4D7Z2M9T6R3B8Q1",
    "botLink": "https://t.me/Sepish\\_bot",
    "reason": "SEPTORCH BOT AUTHORISATION KEY"
  },
  {
    "telegramUserId": 7222050447,
    "senderName": "Clement Oluwatobiloba Ogundele",
    "amount": 3500,
    "receivedAt": "2025-10-30T10:23:04.000Z",
    "confirmedAt": "2025-10-30T10:23:22.256Z",
    "keyGiven": "J9L3C8V2N5H7A4P6",
    "botLink": "https://t.me/Sepish\\_bot",
    "reason": "SEPTORCH BOT AUTHORISATION KEY"
  },
  {
    "telegramUserId": 7738315673,
    "senderName": "Ezennaya Victor Chinedu",
    "amount": 3500,
    "receivedAt": "2025-10-30T13:22:54.000Z",
    "confirmedAt": "2025-10-30T14:48:28.541Z",
    "keyGiven": "R6F9T3K8M2L5S7D1",
    "botLink": "https://t.me/Sepish\\_bot",
    "reason": "SEPTORCH BOT AUTHORISATION KEY"
  },
  {
    "telegramUserId": 7738315673,
    "senderName": "Abiola Elijah Alalade",
    "amount": 3500,
    "receivedAt": "2025-10-31T20:13:06.000Z",
    "confirmedAt": "2025-10-31T20:15:15.758Z",
    "keyGiven": "B1D4Q6Z5X1F5L2W3",
    "botLink": "https://t.me/Sepish\\_bot",
    "reason": "SEPTORCH BOT AUTHORISATION KEY"
  },
  {
    "telegramUserId": 6529386699,
    "senderName": "Wisdom Efiok Ukpong",
    "amount": 500,
    "receivedAt": "2025-11-10T14:01:40.000Z",
    "confirmedAt": "2025-11-10T14:02:33.480Z",
    "keyGiven": "H6FjT3K8ghL5S7Du",
    "botLink": "https://t.me/Sepish\\_bot",
    "reason": "SEPTORCH BOT AUTHORISATION KEY"
  },
  {
    "telegramUserId": 6755248660,
    "senderName": "Israel Ayomikun Adewusi",
    "amount": 500,
    "receivedAt": "2025-11-10T20:16:14.000Z",
    "confirmedAt": "2025-11-10T20:17:06.002Z",
    "keyGiven": "H6FjT3K8ghL5S7Du",
    "botLink": "https://t.me/Sepish\\_bot",
    "reason": "SEPTORCH BOT AUTHORISATION KEY"
  },
  {
    "telegramUserId": 7268979077,
    "senderName": "Olufunmilayo Abiodun Odetade",
    "amount": 500,
    "receivedAt": "2025-11-10T19:41:18.000Z",
    "confirmedAt": "2025-11-10T20:36:46.267Z",
    "keyGiven": "q4ftfsLFhUhhbhr91k",
    "botLink": "https://t.me/Sepish\\_bot",
    "reason": "SEPTORCH BOT AUTHORISATION KEY"
  },
  {
    "telegramUserId": 5100502639,
    "senderName": "Habibat Musa",
    "amount": 1000,
    "receivedAt": "2025-11-12T07:13:34.000Z",
    "confirmedAt": "2025-11-12T07:17:19.035Z",
    "keyGiven": "0JvzppfFWE5yzq9A",
    "botLink": "https://t.me/SEPTEMBER\\_MDBOT",
    "reason": "SEPTORCH BOT AUTHORISATION KEY NOW @1K LIMITED TIME OFFER 🫴"
  },
  {
    "telegramUserId": 7533475708,
    "senderName": "Terfa Kelvin Kaatyo",
    "amount": 1000,
    "receivedAt": "2025-11-12T22:53:03.000Z",
    "confirmedAt": "2025-11-12T22:57:18.221Z",
    "keyGiven": "109AtcE8VOE7NzBy",
    "botLink": "https://t.me/SEPTEMBER\\_MDBOT",
    "reason": "SEPTORCH BOT AUTHORISATION KEY NOW @1K LIMITED TIME OFFER 🫴"
  },
  {
    "telegramUserId": 1839359654,
    "senderName": "Ellaby Enterprise",
    "amount": 1000,
    "receivedAt": "2025-11-13T08:34:34.000Z",
    "confirmedAt": "2025-11-13T08:34:49.564Z",
    "keyGiven": "3Yx8YcIAxcqoyxdh",
    "botLink": "https://t.me/SEPTEMBER\\_MDBOT",
    "reason": "SEPTORCH BOT AUTHORISATION KEY NOW @1K LIMITED TIME OFFER 🫴"
  },
  {
    "telegramUserId": 7391534860,
    "senderName": "Abiola Elijah Alalade",
    "amount": 5000,
    "receivedAt": "2025-11-12T21:49:47.000Z",
    "confirmedAt": "2025-11-13T17:04:53.865Z",
    "keyGiven": "5ggJ65bQlmzppQW7",
    "botLink": "https://t.me/SEPTEMBER\\_MDBOT",
    "reason": "Hkhj"
  },
  {
    "telegramUserId": 1697656280,
    "senderName": "Jesudarasimi Goodluck Clement",
    "amount": 1000,
    "receivedAt": "2025-11-15T14:04:19.000Z",
    "confirmedAt": "2025-11-15T14:13:11.896Z",
    "keyGiven": "8t49sBRTzNo0eUAV",
    "botLink": "https://t.me/SEPTEMBER\\_MDBOT",
    "reason": "SEPTORCH BOT AUTHORISATION KEY (LIMITED TIME OFFER)"
  },
  {
    "telegramUserId": 6175152539,
    "senderName": "Timileyin Musa Ajileye",
    "amount": 1000,
    "receivedAt": "2025-11-15T21:02:28.000Z",
    "confirmedAt": "2025-11-15T21:02:45.591Z",
    "keyGiven": "8zIBKuVTqhAhMYvy",
    "botLink": "https://t.me/SEPTEMBER\\_MDBOT",
    "reason": "SEPTORCH BOT AUTHORISATION KEY (LIMITED TIME OFFER)"
  },
  {
    "telegramUserId": 7353586099,
    "senderName": "Maurice John",
    "amount": 1000,
    "receivedAt": "2025-11-16T09:25:01.000Z",
    "confirmedAt": "2025-11-16T09:26:01.208Z",
    "keyGiven": "9ltbQNw78m114YNy",
    "botLink": "https://t.me/SEPTEMBER\\_MDBOT",
    "reason": "SEPTORCH BOT AUTHORISATION KEY (LIMITED TIME OFFER)"
  },
  {
    "telegramUserId": 7353586099,
    "senderName": "Maurice John",
    "amount": 1000,
    "receivedAt": "2025-11-16T10:53:26.000Z",
    "confirmedAt": "2025-11-16T11:02:18.226Z",
    "keyGiven": "BLjz3Eni5YRPQ1tM",
    "botLink": "https://t.me/SEPTEMBER\\_MDBOT",
    "reason": "SEPTORCH BOT AUTHORISATION KEY (LIMITED TIME OFFER)"
  },
  {
    "telegramUserId": 7434380964,
    "senderName": "Samuel Oritse-Jolomisan Boyede",
    "amount": 1000,
    "receivedAt": "2025-11-16T16:43:31.000Z",
    "confirmedAt": "2025-11-16T19:03:00.949Z",
    "keyGiven": "BQPmFK1mFS9Bc04V",
    "botLink": "https://t.me/SEPTEMBER\\_MDBOT",
    "reason": "SEPTORCH BOT AUTHORISATION KEY (LIMITED TIME OFFER)"
  },
  {
    "telegramUserId": 7240249982,
    "senderName": "Joy Ekemini Essiet",
    "amount": 1000,
    "receivedAt": "2025-11-17T10:58:01.000Z",
    "confirmedAt": "2025-11-17T10:59:14.713Z",
    "keyGiven": "Cj7Y2uJAtoIeAJx8",
    "botLink": "https://t.me/SEPTEMBER\\_MDBOT",
    "reason": "SEPTORCH BOT AUTHORISATION KEY (LIMITED TIME OFFER)"
  },
  {
    "telegramUserId": 7181180886,
    "senderName": "Olalekan Andrew Ehinmisan",
    "amount": 1000,
    "receivedAt": "2025-11-17T12:10:44.000Z",
    "confirmedAt": "2025-11-17T12:11:21.612Z",
    "keyGiven": "CulWZkvxnxeglCS4",
    "botLink": "https://t.me/SEPTEMBER\\_MDBOT",
    "reason": "SEPTORCH BOT AUTHORISATION KEY (LIMITED TIME OFFER)"
  },
  {
    "telegramUserId": 7738315673,
    "senderName": "Restoration Abimbola Emmanuel",
    "amount": 1000,
    "receivedAt": "2025-11-18T17:05:44.000Z",
    "confirmedAt": "2025-11-18T17:52:19.670Z",
    "keyGiven": "EX4Ff0qQmr8SE78V",
    "botLink": "https://t.me/SEPTEMBER\\_MDBOT",
    "reason": "SEPTORCH BOT AUTHORISATION KEY (LIMITED TIME OFFER)"
  },
  {
    "telegramUserId": 8055559977,
    "senderName": "Dennis Damilare Ilesanmi",
    "amount": 1000,
    "receivedAt": "2025-11-19T16:54:53.000Z",
    "confirmedAt": "2025-11-19T16:57:23.558Z",
    "keyGiven": "F6G5TXGzYpBBBnnb",
    "botLink": "https://t.me/SEPTEMBER\\_MDBOT",
    "reason": "SEPTORCH BOT AUTHORISATION KEY (LIMITED TIME OFFER)"
  },
  {
    "telegramUserId": 7738315673,
    "senderName": "Mariam Olajumoke Animashaun",
    "amount": 1000,
    "receivedAt": "2025-11-20T08:04:59.000Z",
    "confirmedAt": "2025-11-20T08:21:38.191Z",
    "keyGiven": "FR2PespMOOoIjeET",
    "botLink": "https://t.me/SEPTEMBER\\_MDBOT",
    "reason": "SEPTORCH BOT AUTHORISATION KEY (LIMITED TIME OFFER)"
  },
  {
    "telegramUserId": 7738315673,
    "senderName": "Seyi Isreal Adeboye",
    "amount": 1000,
    "receivedAt": "2025-11-21T17:56:37.000Z",
    "confirmedAt": "2025-11-21T17:58:55.165Z",
    "keyGiven": "FX1AhonWE9EvYVPk",
    "botLink": "https://t.me/SEPTEMBER\\_MDBOT",
    "reason": "SEPTORCH BOT AUTHORISATION KEY (LIMITED TIME OFFER)"
  },
  {
    "telegramUserId": 5874545127,
    "senderName": "Promise Chidiebere Nwankwo",
    "amount": 1000,
    "receivedAt": "2025-11-21T21:10:27.000Z",
    "confirmedAt": "2025-11-21T21:10:48.559Z",
    "keyGiven": "Fo9pwbEEgU0zW0vz",
    "botLink": "https://t.me/SEPTEMBER\\_MDBOT",
    "reason": "SEPTORCH BOT AUTHORISATION KEY (LIMITED TIME OFFER)"
  },
  {
    "telegramUserId": 2139392550,
    "senderName": "Olawale Iyanuoluwa Folaranmi",
    "amount": 1000,
    "receivedAt": "2025-11-21T21:21:40.000Z",
    "confirmedAt": "2025-11-21T21:22:58.890Z",
    "keyGiven": "H39CMiuuq3m34K2j",
    "botLink": "https://t.me/SEPTEMBER\\_MDBOT",
    "reason": "SEPTORCH BOT AUTHORISATION KEY (LIMITED TIME OFFER)"
  }
]