[
  {
    "key": "testkey",
    "used": true
  },
  {
    "key": "DdLbrZltf8bxbAhw",
    "used": true
  },
  {
    "key": "C3sCJDQSEJoNW9XF",
    "used": true
  },
  {
    "key": "jz6hcwWqqAx8Hea2",
    "used": true
  },
  {
    "key": "2XK2L8lr0QjRJraD",
    "used": true
  },
  {
    "key": "LhlreCGYtreNfO2pRn",
    "used": true
  },
  {
    "key": "HhlreFGYgheNk02pRn",
    "used": true
  },
  {
    "key": "q4ft2LFhU46bvr91k",
    "used": true
  },
  {
    "key": "q4ftfsLFhUhhbhr91k",
    "used": true
  },
  {
    "key": "A7F9D2K4L8Q3W6Z1",
    "used": true
  },
  {
    "key": "P9M2R7X5N4C8T0B3",
    "used": true
  },
  {
    "key": "J1Q8L4Z7D5V9K2S0",
    "used": true
  },
  {
    "key": "W6E3R8N9T1Y4B5M2",
    "used": true
  },
  {
    "key": "Z4H9C2V6X3L7A0P8",
    "used": true
  },
  {
    "key": "G3T9M1J5S7K8R2N4",
    "used": true
  },
  {
    "key": "B9D4Q6Z8X1F5L2W7",
    "used": true
  },
  {
    "key": "N2P7A5J8H9L4C6V3",
    "used": true
  },
  {
    "key": "Y1M6R3E7T9B5K2X4",
    "used": true
  },
  {
    "key": "C8S9V2N4Q7A1L5J3",
    "used": true
  },
  {
    "key": "K4D7Z2M9T6R3B8Q1",
    "used": true
  },
  {
    "key": "J9L3C8V2N5H7A4P6",
    "used": true
  },
  {
    "key": "R6F9T3K8M2L5S7D1",
    "used": true
  },
  {
    "key": "B1D4Q6Z5X1F5L2W3",
    "used": true
  },
  {
    "key": "H6FjT3K8ghL5S7Du",
    "used": true
  },
  {
    "key": "H6FjT3K8ghL5S7Du",
    "used": true
  },
  {
    "key": "q4ftfsLFhUhhbhr91k",
    "used": true
  },
  {
    "key": "0JvzppfFWE5yzq9A",
    "used": true
  },
  {
    "key": "109AtcE8VOE7NzBy",
    "used": true
  },
  {
    "key": "3Yx8YcIAxcqoyxdh",
    "used": true
  },
  {
    "key": "5ggJ65bQlmzppQW7",
    "used": true
  },
  {
    "key": "8t49sBRTzNo0eUAV",
    "used": true
  },
  {
    "key": "8zIBKuVTqhAhMYvy",
    "used": true
  },
  {
    "key": "9ltbQNw78m114YNy",
    "used": true
  },
  {
    "key": "BLjz3Eni5YRPQ1tM",
    "used": true
  },
  {
    "key": "BQPmFK1mFS9Bc04V",
    "used": true
  },
  {
    "key": "Cj7Y2uJAtoIeAJx8",
    "used": true
  },
  {
    "key": "CulWZkvxnxeglCS4",
    "used": true
  },
  {
    "key": "EX4Ff0qQmr8SE78V",
    "used": true
  },
  {
    "key": "F6G5TXGzYpBBBnnb",
    "used": true
  },
  {
    "key": "FR2PespMOOoIjeET",
    "used": true
  },
  {
    "key": "FX1AhonWE9EvYVPk",
    "used": true
  },
  {
    "key": "Fo9pwbEEgU0zW0vz",
    "used": true
  },
  {
    "key": "H39CMiuuq3m34K2j",
    "used": true
  },
  {
    "key": "HhQHoYkgz3A9gn7i",
    "used": false
  },
  {
    "key": "HsEzJPEov8FspkiK",
    "used": false
  },
  {
    "key": "IEIiNDOGHnD3Y3u7",
    "used": false
  },
  {
    "key": "KUQcyrxCuesiSEK5",
    "used": false
  },
  {
    "key": "LzfeEK4tX0axlXiT",
    "used": false
  },
  {
    "key": "M4CkVeLAYaFZ3t6r",
    "used": false
  },
  {
    "key": "MY4FNg4xpYKqthQr",
    "used": false
  },
  {
    "key": "MfrSbs4zT8w1QWCr",
    "used": false
  },
  {
    "key": "Nph7J98Ge5jZIEbU",
    "used": false
  },
  {
    "key": "O07Js93AlP1QJAGi",
    "used": false
  },
  {
    "key": "RMm56RdPXxdYn3VL",
    "used": false
  },
  {
    "key": "T9S4Xx4MXqcUcYSj",
    "used": false
  },
  {
    "key": "TvJHxzM0MMeaYuJp",
    "used": false
  },
  {
    "key": "VHuQXYAB0JqjZM3V",
    "used": false
  },
  {
    "key": "VUyHJtFrfsG76ZLU",
    "used": false
  },
  {
    "key": "Ve4jERq1NyYqBzW0",
    "used": false
  },
  {
    "key": "VmzXdMz4qinDar0W",
    "used": false
  },
  {
    "key": "XnJ4IkH8fcN6mjAr",
    "used": false
  },
  {
    "key": "cuMPmG8Sce0Deg3y",
    "used": false
  },
  {
    "key": "d2ttJNNVvHdAV9mb",
    "used": false
  },
  {
    "key": "dOiG2liY9FQPfm3B",
    "used": false
  },
  {
    "key": "ftlmsvJ0NyKUYH3y",
    "used": false
  },
  {
    "key": "iWm52nZ88qkI1JIi",
    "used": false
  },
  {
    "key": "iXusXltk7FyUVLET",
    "used": false
  },
  {
    "key": "kSKsIcHjr3T6fSqq",
    "used": false
  },
  {
    "key": "lsGh7rGIjFNG4wpu",
    "used": false
  },
  {
    "key": "nAZG9NJAlmgTPWIV",
    "used": false
  },
  {
    "key": "q6QXsRgU3SzfzQkb",
    "used": false
  },
  {
    "key": "sZc0y21AsDSaF7n0",
    "used": false
  },
  {
    "key": "tvSRyI4wPSGkXf6d",
    "used": false
  },
  {
    "key": "uDuhyA6bajsBkxPy",
    "used": false
  },
  {
    "key": "v9Vz3w6EoqnSq9SR",
    "used": false
  },
  {
    "key": "x68gYCnjSTobiaXC",
    "used": false
  }
]