[
  {
    "name": "Joshoney IU",
    "userId": 7385815549,
    "code": "SPT001",
    "sales": 0,
    "buyers": []
  },
  {
    "name": "༒ＭＫ ＢＬＡＺＥ༒",
    "userId": 8300713302,
    "code": "SPT002",
    "sales": 0,
    "buyers": []
  },
  {
    "name": "SEPTORCH",
    "userId": 7738315673,
    "code": "SPT003",
    "sales": 104,
    "buyers": [
      {
        "userId": 7738315673,
        "date": "2025-11-18T17:52:19.880Z"
      },
      {
        "userId": 7738315673,
        "date": "2025-11-20T08:21:38.276Z"
      },
      {
        "userId": 7738315673,
        "date": "2025-11-21T17:58:55.287Z"
      },
      {
        "userId": 2139392550,
        "date": "2025-11-21T21:22:58.985Z"
      }
    ]
  },
  {
    "name": "@De_prince018",
    "userId": 7533475708,
    "code": "SPT005",
    "sales": 1,
    "buyers": [
      {
        "userId": 7533475708,
        "date": "2025-11-12T22:57:18.314Z"
      }
    ]
  },
  {
    "name": "591225882",
    "userId": 591225882,
    "code": "SPT006",
    "sales": 0,
    "buyers": []
  },
  {
    "name": "Teshy",
    "userId": 591225882,
    "code": "SPT006",
    "sales": 0,
    "buyers": []
  },
  {
    "name": "@V_JDay",
    "userId": 6657591349,
    "code": "SPT007",
    "sales": 0,
    "buyers": []
  },
  {
    "name": "Olabode isaiah",
    "userId": 6099980918,
    "code": "SPT008",
    "sales": 0,
    "buyers": []
  },
  {
    "name": "Sammyzane",
    "userId": 7434380964,
    "code": "SPT009",
    "sales": 1,
    "buyers": [
      {
        "userId": 7434380964,
        "date": "2025-11-16T19:03:01.060Z"
      }
    ]
  },
  {
    "name": "Solosam",
    "userId": 6189841588,
    "code": "SPT010",
    "sales": 0,
    "buyers": []
  },
  {
    "name": "Kufre",
    "userId": 7405226005,
    "code": "SPT011",
    "sales": 0,
    "buyers": []
  },
  {
    "name": "Xellency",
    "userId": 1697656280,
    "code": "SPT012",
    "sales": 1,
    "buyers": [
      {
        "userId": 1697656280,
        "date": "2025-11-15T14:13:12.014Z"
      }
    ]
  },
  {
    "name": "CHOKER",
    "userId": 7222050447,
    "code": "SPT013",
    "sales": 0,
    "buyers": []
  },
  {
    "name": "patriarchziks",
    "userId": 7268979077,
    "code": "SPT014",
    "sales": 0,
    "buyers": []
  },
  {
    "name": "Wisdomcodes.",
    "userId": 6529386699,
    "code": "SPT015",
    "sales": 0,
    "buyers": []
  },
  {
    "name": "Marvins",
    "userId": 7594192010,
    "code": "SPT016",
    "sales": 0,
    "buyers": []
  }
]