[
  {
    "sender": "Ugochukwu Johnbosco Okechukwu",
    "amount": 3500,
    "receivedAt": "2025-10-16T16:11:37.000Z",
    "claimedBy": 8300713302
  },
  {
    "sender": "Abiola Elijah Alalade",
    "amount": 3500,
    "receivedAt": "2025-10-16T16:20:49.000Z",
    "claimedBy": null
  },
  {
    "sender": "Daniel Ayomide Adejumobi",
    "amount": 3500,
    "receivedAt": "2025-10-18T22:17:49.000Z",
    "claimedBy": 1480340347
  },
  {
    "sender": "Odeyemi Joshua Damilare",
    "amount": 3500,
    "receivedAt": "2025-10-19T05:59:56.000Z",
    "claimedBy": 1386202919
  },
  {
    "sender": "Ayoleke Vincent Gabriel",
    "amount": 3500,
    "receivedAt": "2025-10-19T10:28:11.000Z",
    "claimedBy": 6956434765
  },
  {
    "sender": "Ayotomide Alfred Oluwole",
    "amount": 3500,
    "receivedAt": "2025-10-21T14:51:04.000Z",
    "claimedBy": 5720600006
  },
  {
    "sender": "Abiola Elijah Alalade",
    "amount": 3500,
    "receivedAt": "2025-10-23T16:20:50.000Z",
    "claimedBy": 591225882
  },
  {
    "sender": "Abiola Elijah Alalade",
    "amount": 6000,
    "receivedAt": "2025-10-27T08:49:53.000Z",
    "claimedBy": null
  },
  {
    "sender": "Samuel Oritse-Jolomisan Boyede",
    "amount": 3500,
    "receivedAt": "2025-10-27T17:52:03.000Z",
    "claimedBy": 7434380964
  },
  {
    "sender": "Rukoyat Oyinkansola Adekoya",
    "amount": 3500,
    "receivedAt": "2025-10-28T21:24:06.000Z",
    "claimedBy": 5581046140
  },
  {
    "sender": "Jesudarasimi Goodluck Clement",
    "amount": 3500,
    "receivedAt": "2025-10-29T13:19:55.000Z",
    "claimedBy": 1697656280
  },
  {
    "sender": "Peter Ifeanyi Ohika",
    "amount": 200,
    "receivedAt": "2025-10-29T16:45:42.000Z",
    "claimedBy": null
  },
  {
    "sender": "Clement Oluwatobiloba Ogundele",
    "amount": 3500,
    "receivedAt": "2025-10-30T10:23:04.000Z",
    "claimedBy": 7222050447
  },
  {
    "sender": "Ezennaya Victor Chinedu",
    "amount": 3500,
    "receivedAt": "2025-10-30T13:22:54.000Z",
    "claimedBy": 7738315673
  },
  {
    "sender": "Abiola Elijah Alalade",
    "amount": 3500,
    "receivedAt": "2025-10-31T20:13:06.000Z",
    "claimedBy": 7738315673
  },
  {
    "sender": "Abiola Elijah Alalade",
    "amount": 470,
    "receivedAt": "2025-11-03T09:25:14.000Z",
    "claimedBy": null
  },
  {
    "sender": "Wisdom Efiok Ukpong",
    "amount": 500,
    "receivedAt": "2025-11-10T14:01:40.000Z",
    "claimedBy": 6529386699
  },
  {
    "sender": "Olufunmilayo Abiodun Odetade",
    "amount": 500,
    "receivedAt": "2025-11-10T19:41:18.000Z",
    "claimedBy": 7268979077
  },
  {
    "sender": "Israel Ayomikun Adewusi",
    "amount": 500,
    "receivedAt": "2025-11-10T20:16:14.000Z",
    "claimedBy": 6755248660
  },
  {
    "sender": "Abiola Elijah Alalade",
    "amount": 250,
    "receivedAt": "2025-11-11T17:25:53.000Z",
    "claimedBy": null
  },
  {
    "sender": "Habibat Musa",
    "amount": 1000,
    "receivedAt": "2025-11-12T07:13:34.000Z",
    "claimedBy": 5100502639
  },
  {
    "sender": "Israel Ayomikun Adewusi",
    "amount": 2500,
    "receivedAt": "2025-11-12T17:14:21.000Z",
    "claimedBy": null
  },
  {
    "sender": "Abiola Elijah Alalade",
    "amount": 5000,
    "receivedAt": "2025-11-12T21:49:47.000Z",
    "claimedBy": 7391534860
  },
  {
    "sender": "Terfa Kelvin Kaatyo",
    "amount": 1000,
    "receivedAt": "2025-11-12T22:53:03.000Z",
    "claimedBy": 7533475708
  },
  {
    "sender": "Ellaby Enterprise",
    "amount": 1000,
    "receivedAt": "2025-11-13T08:34:34.000Z",
    "claimedBy": 1839359654
  },
  {
    "sender": "Jesudarasimi Goodluck Clement",
    "amount": 1000,
    "receivedAt": "2025-11-15T14:04:19.000Z",
    "claimedBy": 1697656280
  },
  {
    "sender": "Onyedikachi David Cyril",
    "amount": 5000,
    "receivedAt": "2025-11-15T20:31:27.000Z",
    "claimedBy": null
  },
  {
    "sender": "Timileyin Musa Ajileye",
    "amount": 1000,
    "receivedAt": "2025-11-15T21:02:28.000Z",
    "claimedBy": 6175152539
  },
  {
    "sender": "Maurice John",
    "amount": 1000,
    "receivedAt": "2025-11-16T09:25:01.000Z",
    "claimedBy": 7353586099
  },
  {
    "sender": "Maurice John",
    "amount": 1000,
    "receivedAt": "2025-11-16T10:53:26.000Z",
    "claimedBy": 7353586099
  },
  {
    "sender": "Samuel Oritse-Jolomisan Boyede",
    "amount": 1000,
    "receivedAt": "2025-11-16T16:43:31.000Z",
    "claimedBy": 7434380964
  },
  {
    "sender": "Joy Ekemini Essiet",
    "amount": 1000,
    "receivedAt": "2025-11-17T10:58:01.000Z",
    "claimedBy": 7240249982
  },
  {
    "sender": "Olalekan Andrew Ehinmisan",
    "amount": 1000,
    "receivedAt": "2025-11-17T12:10:44.000Z",
    "claimedBy": 7181180886
  },
  {
    "sender": "Restoration Abimbola Emmanuel",
    "amount": 1000,
    "receivedAt": "2025-11-18T17:05:44.000Z",
    "claimedBy": 7738315673
  },
  {
    "sender": "Dennis Damilare Ilesanmi",
    "amount": 1000,
    "receivedAt": "2025-11-19T16:54:53.000Z",
    "claimedBy": 8055559977
  },
  {
    "sender": "Mariam Olajumoke Animashaun",
    "amount": 1000,
    "receivedAt": "2025-11-20T08:04:59.000Z",
    "claimedBy": 7738315673
  },
  {
    "sender": "Seyi Isreal Adeboye",
    "amount": 1000,
    "receivedAt": "2025-11-21T17:56:37.000Z",
    "claimedBy": 7738315673
  },
  {
    "sender": "Promise Chidiebere Nwankwo",
    "amount": 1000,
    "receivedAt": "2025-11-21T21:10:27.000Z",
    "claimedBy": 5874545127
  },
  {
    "sender": "Olawale Iyanuoluwa Folaranmi",
    "amount": 1000,
    "receivedAt": "2025-11-21T21:21:40.000Z",
    "claimedBy": 2139392550
  },
  {
    "sender": "Abiola Elijah Alalade",
    "amount": 950,
    "receivedAt": "2025-11-26T11:02:55.000Z",
    "claimedBy": null
  }
]