{
  "date": "2025-11-11T07:14:45.163Z",
  "total": 175000,
  "summary": [
    {
      "name": "Joshoney IU",
      "code": "SPT001",
      "userId": 7385815549,
      "sales": 0,
      "tier": "Starter",
      "rate": 0.15,
      "commission": 0
    },
    {
      "name": "༒ＭＫ ＢＬＡＺＥ༒",
      "code": "SPT002",
      "userId": 8300713302,
      "sales": 0,
      "tier": "Starter",
      "rate": 0.15,
      "commission": 0
    },
    {
      "name": "SEPTORCH",
      "code": "SPT003",
      "userId": 7738315673,
      "sales": 200,
      "tier": "Elite",
      "rate": 0.25,
      "commission": 175000
    },
    {
      "name": "@De_prince018",
      "code": "SPT005",
      "userId": 7533475708,
      "sales": 0,
      "tier": "Starter",
      "rate": 0.15,
      "commission": 0
    },
    {
      "name": "591225882",
      "code": "SPT006",
      "userId": 591225882,
      "sales": 0,
      "tier": "Starter",
      "rate": 0.15,
      "commission": 0
    },
    {
      "name": "Teshy",
      "code": "SPT006",
      "userId": 591225882,
      "sales": 0,
      "tier": "Starter",
      "rate": 0.15,
      "commission": 0
    },
    {
      "name": "@V_JDay",
      "code": "SPT007",
      "userId": 6657591349,
      "sales": 0,
      "tier": "Starter",
      "rate": 0.15,
      "commission": 0
    },
    {
      "name": "Olabode isaiah",
      "code": "SPT008",
      "userId": 6099980918,
      "sales": 0,
      "tier": "Starter",
      "rate": 0.15,
      "commission": 0
    },
    {
      "name": "Sammyzane",
      "code": "SPT009",
      "userId": 7434380964,
      "sales": 0,
      "tier": "Starter",
      "rate": 0.15,
      "commission": 0
    },
    {
      "name": "Solosam",
      "code": "SPT010",
      "userId": 6189841588,
      "sales": 0,
      "tier": "Starter",
      "rate": 0.15,
      "commission": 0
    },
    {
      "name": "Kufre",
      "code": "SPT011",
      "userId": 7405226005,
      "sales": 0,
      "tier": "Starter",
      "rate": 0.15,
      "commission": 0
    },
    {
      "name": "Xellency",
      "code": "SPT012",
      "userId": 1697656280,
      "sales": 0,
      "tier": "Starter",
      "rate": 0.15,
      "commission": 0
    },
    {
      "name": "CHOKER",
      "code": "SPT013",
      "userId": 7222050447,
      "sales": 0,
      "tier": "Starter",
      "rate": 0.15,
      "commission": 0
    },
    {
      "name": "patriarchziks",
      "code": "SPT014",
      "userId": 7268979077,
      "sales": 0,
      "tier": "Starter",
      "rate": 0.15,
      "commission": 0
    },
    {
      "name": "Wisdomcodes.",
      "code": "SPT015",
      "userId": 6529386699,
      "sales": 0,
      "tier": "Starter",
      "rate": 0.15,
      "commission": 0
    },
    {
      "name": "Marvins",
      "code": "SPT016",
      "userId": 7594192010,
      "sales": 0,
      "tier": "Starter",
      "rate": 0.15,
      "commission": 0
    }
  ]
}