[
  {
    "buyerId": 8300713302,
    "refCode": "SPT002"
  },
  {
    "buyerId": 5008197748,
    "refCode": "SPT001"
  },
  {
    "buyerId": 7738315673,
    "refCode": "SPT003"
  },
  {
    "buyerId": 591225882,
    "refCode": "SPT004"
  },
  {
    "buyerId": 6189841588,
    "refCode": "SPT010"
  },
  {
    "buyerId": 6588238783,
    "refCode": "SPT003"
  },
  {
    "buyerId": 7434380964,
    "refCode": "SPT009"
  },
  {
    "buyerId": 1697656280,
    "refCode": "SPT012"
  },
  {
    "buyerId": 7594192010,
    "refCode": "SPT002"
  },
  {
    "buyerId": 7183302190,
    "refCode": "SPT002"
  },
  {
    "buyerId": 7533475708,
    "refCode": "SPT005"
  },
  {
    "buyerId": 5715173354,
    "refCode": "SPT001"
  },
  {
    "buyerId": 2139392550,
    "refCode": "SPT003"
  }
]